Item Name,Qty,Price (total) (USD),Item link,Notes
ESP32-S3-WROOM-1U-N8,1,4.54,https://www.lcsc.com/product-detail/C2980297.html,
USB-C receptacle,5,0.86,https://www.lcsc.com/product-detail/C165948.html,
10kΩ resistor,100,0.39,https://www.lcsc.com/product-detail/C965184.html,
AMS1117-3.3,5,1.05,https://www.lcsc.com/product-detail/C6186.html,
Tactile button,5,0.76,https://www.lcsc.com/product-detail/C722171.html,
10uF capacitor,20,1.31,https://www.lcsc.com/product-detail/C15850.html,
100nF capacitor,50,0.62,https://www.lcsc.com/product-detail/C14663.html,
1uF capacitor,20,0.5,https://www.lcsc.com/product-detail/C106858.html,
5.1kΩ resistor,100,0.15,https://www.lcsc.com/product-detail/C23186.html,
LCSC shipping + handling,N/A,11.32,N/A,standard shipping
JLC manufacturing + shipping,5,$7.38,N/A,ditto
Adafruit oled,1,19.95,https://www.digikey.com/en/products/detail/adafruit-industries-llc/938/5774238,
DigiKey shipping,N/A,4.99,N/A,standard usps ground advantage
Soldering iron,1,$10.64,https://a.co/d/09gOBPuw,i have prime so its okie-dokie
,,,,
,,,,
,,,,
,,,,
,,,,
Total Price (USD):,64.46,,,